{
  "A": {
    "tput": [
      10.6843,
      20.4057,
      25.4909,
      19.0741,
      30.1315,
      32.5652,
      39.1595,
      42.9302,
      44.6533,
      38.2258,
      36.055,
      42.4105,
      38.7419,
      46.9052,
      42.7674,
      38.6095,
      44.1513,
      42.9947
    ],
    "tnum": [
      1,
      2,
      3,
      4,
      5,
      6,
      7,
      8,
      9,
      10,
      15,
      20,
      25,
      30,
      35,
      40,
      45,
      50
    ]
  },
  "B": {
    "tput": [
      9.6631,
      15.9142,
      19.6092,
      30.0064,
      36.3917,
      37.4638,
      39.6855,
      42.024,
      39.6438,
      40.8069,
      36.3269,
      42.4284,
      36.8581,
      44.0085,
      42.7977,
      41.2004,
      40.907,
      43.3178
    ],
    "tnum": [
      1,
      2,
      3,
      4,
      5,
      6,
      7,
      8,
      9,
      10,
      15,
      20,
      25,
      30,
      35,
      40,
      45,
      50
    ]
  },
  "C": {
    "tput": [
      10.0699,
      16.2197,
      24.4146,
      28.2244,
      31.4358,
      37.8719,
      33.4791,
      37.8956,
      40.2122,
      34.7598,
      44.7654,
      43.6455,
      37.6156,
      42.4381,
      41.6163,
      39.8878,
      41.5015,
      43.2813
    ],
    "tnum": [
      1,
      2,
      3,
      4,
      5,
      6,
      7,
      8,
      9,
      10,
      15,
      20,
      25,
      30,
      35,
      40,
      45,
      50
    ]
  },
  "D": {
    "tput": [
      8.95109,
      15.4508,
      23.1915,
      20.109,
      28.6861,
      35.1557,
      31.8232,
      34.1811,
      38.5818,
      32.8652,
      40.0229,
      33.3944,
      43.2778,
      40.7604,
      40.997,
      40.1603,
      43.5181,
      41.1372
    ],
    "tnum": [
      1,
      2,
      3,
      4,
      5,
      6,
      7,
      8,
      9,
      10,
      15,
      20,
      25,
      30,
      35,
      40,
      45,
      50
    ]
  },
  "E": {
    "tput": [
      7.06755,
      12.0972,
      14.2429,
      19.1704,
      21.9626,
      21.9587,
      27.7696,
      26.6326,
      22.5851,
      25.7345,
      26.9019,
      25.0688,
      27.7309,
      31.1471,
      29.2927,
      26.1987,
      29.1438,
      28.0904
    ],
    "tnum": [
      1,
      2,
      3,
      4,
      5,
      6,
      7,
      8,
      9,
      10,
      15,
      20,
      25,
      30,
      35,
      40,
      45,
      50
    ]
  }
}